<?xml version="1.0" encoding="UTF-8" standalone="no"?>
<DqTraceDescriptor>
<DqTraceDescriptorVersion>1</DqTraceDescriptorVersion>
<TimeStamp>2/26/13 12:29:15 PM CST</TimeStamp>
<ManagementSoftwareVersion>10.84.G6.25</ManagementSoftwareVersion>
<StorageArrayData>
<ArraySAID>6782bcb0003105cf000000004dbb58cc</ArraySAID>
<ManagementApiVersion>devmgr.v1084api04.Manager</ManagementApiVersion>
<FirmwareVersion>07.84.44.60</FirmwareVersion>
<ControllerBoardModelId>2660</ControllerBoardModelId>
</StorageArrayData>
<DqTraceDataList>
<DqTraceData>
<ControllerSlot slot="A"/>
<ControllerSerialNumber serialnumber="148000A"/>
<DQTraceFileName>traceBuffers_6782bcb0003105cf000000004dbb58cc_A.dq</DQTraceFileName>
<DqTraceOption>CURRENT</DqTraceOption>
<RetrievalStatus status="Success"/>
</DqTraceData>
<DqTraceData>
<ControllerSlot slot="B"/>
<ControllerSerialNumber serialnumber="148001P"/>
<DQTraceFileName>traceBuffers_6782bcb0003105cf000000004dbb58cc_B.dq</DQTraceFileName>
<DqTraceOption>CURRENT</DqTraceOption>
<RetrievalStatus status="Success"/>
</DqTraceData>
</DqTraceDataList>
</DqTraceDescriptor>
