<?xml version="1.0" encoding="UTF-8" standalone="no"?>
<RawIOPerfDataDescriptor>
<RawIOPerfDataDescriptorVersion>1</RawIOPerfDataDescriptorVersion>
<TimeStamp>2/26/13 12:29:19 PM CST</TimeStamp>
<ManagementSoftwareVersion>10.84.G6.25</ManagementSoftwareVersion>
<StorageArrayData>
<ArraySaid>6782bcb0003105cf000000004dbb58cc</ArraySaid>
<ManagementApiVersion>devmgr.v1084api04.Manager</ManagementApiVersion>
<FirmwareVersion>07.84.44.60</FirmwareVersion>
<ControllerBoardModelId>2660</ControllerBoardModelId>
</StorageArrayData>
<RawIOPerfDataList>
<RawIOPerfData>
<ControllerSlot slot="A"/>
<RawIOPerfDataFileName>6782bcb0003105cf000000004dbb58cc-A.ips</RawIOPerfDataFileName>
<RawIOPerfDataFileSize>396368</RawIOPerfDataFileSize>
<RetrievalStatus status="Success"/>
</RawIOPerfData>
<RawIOPerfData>
<ControllerSlot slot="B"/>
<RawIOPerfDataFileName>6782bcb0003105cf000000004dbb58cc-B.ips</RawIOPerfDataFileName>
<RawIOPerfDataFileSize>332776</RawIOPerfDataFileSize>
<RetrievalStatus status="Success"/>
</RawIOPerfData>
</RawIOPerfDataList>
</RawIOPerfDataDescriptor>
